select user(), database();

show tables;

desc ban;
desc subject;
desc student;
desc score;
desc std_detail;

select * from ban;
insert into ban values ('A01');
insert into ban values ('A02');
insert into ban values ('B01');
insert into ban values ('B02');

select * from subject;
insert into subject values (101, '국어');
insert into subject values (201, '영어');
insert into subject values (301, '수학');
insert into subject values (401, '사회');
insert into subject values (501, '과학');

desc student;
select * from student;
insert into student values (20001, '박재선', 'A01');
insert into student values (20002, '한동성', 'A02');
insert into student values (20003, '정정일', 'A01');
insert into student values (20004, '정명훈', 'B01');
insert into student values (20005, '임정만', 'B02');
insert into student values (20006, '임성준', 'B01');
insert into student values (20007, '윤석수', 'A01');
insert into student values (20008, '이준민', 'A02');
insert into student values (20009, '이강길', 'A01');
insert into student values (20010, '박철호', 'A01');
insert into student values (20011, '여재일', 'A01');
insert into student values (20012, '박상엽', 'A01');
insert into student values (20013, '간효상', 'A01');
insert into student values (20014, '형동훈', 'A01');
insert into student values (20015, '진인우', 'A01');
insert into student values (20016, '박운승', 'A02');
insert into student values (20017, '김윤재', 'A02');
insert into student values (20018, '황보동명', 'A02');
insert into student values (20019, '사대호', 'A02');
insert into student values (20020, '박동수', 'A02');
insert into student values (20021, '안추환', 'A02');
insert into student values (20022, '정문식', 'A02');
insert into student values (20023, '윤대건', 'A02');
insert into student values (20024, '양우준', 'A02');
insert into student values (20025, '서동윤', 'A02');
insert into student values (20026, '송무길', 'A02');
insert into student values (20027, '박영우', 'A02');
insert into student values (20028, '신우석', 'A02');
insert into student values (20029, '이보민', 'A02');
insert into student values (20030, '조정우', 'A02');
                                    
desc score;
select * from score;
insert into score values (null, 20001, 101, 80);
insert into score values (null, 20001, 201, 81); 
insert into score values (null, 20001, 301, 82); 
insert into score values (null, 20001, 401, 83); 
insert into score values (null, 20001, 501, 84); 
insert into score values (null, 20002, 101, 70);
insert into score values (null, 20002, 201, 71);
insert into score values (null, 20002, 301, 72);
insert into score values (null, 20002, 401, 73);
insert into score values (null, 20002, 501, 74);
insert into score values (null, 20003, 101, 60);
insert into score values (null, 20003, 201, 61);
insert into score values (null, 20003, 301, 62);
insert into score values (null, 20003, 401, 63);
insert into score values (null, 20003, 501, 64);
insert into score values (null, 20004, 101, 50);
insert into score values (null, 20004, 201, 52);
insert into score values (null, 20004, 301, 53);
insert into score values (null, 20004, 401, 54);
insert into score values (null, 20004, 501, 55);
insert into score values (null, 20005, 101, 65);
insert into score values (null, 20005, 201, 46);
insert into score values (null, 20005, 301, 34);
insert into score values (null, 20005, 401, 78);
insert into score values (null, 20005, 501, 98);
insert into score values (null, 20006, 101, 56);
insert into score values (null, 20006, 201, 67);
insert into score values (null, 20006, 301, 88);
insert into score values (null, 20006, 401, 75);
insert into score values (null, 20006, 501, 90);
insert into score values (null, 20007, 101, 78);
insert into score values (null, 20007, 201, 89);
insert into score values (null, 20007, 301, 90);
insert into score values (null, 20007, 401, 66);
insert into score values (null, 20007, 501, 50);
insert into score values (null, 20008, 101, 68);
insert into score values (null, 20008, 201, 58);
insert into score values (null, 20008, 301, 89);
insert into score values (null, 20008, 401, 50);
insert into score values (null, 20008, 501, 80);
insert into score values (null, 20009, 101, 46);
insert into score values (null, 20009, 201, 66);
insert into score values (null, 20009, 301, 90);
insert into score values (null, 20009, 401, 80);
insert into score values (null, 20009, 501, 70);
insert into score values (null, 20010, 101, 95);
insert into score values (null, 20010, 201, 78);
insert into score values (null, 20010, 301, 80);
insert into score values (null, 20010, 401, 92);
insert into score values (null, 20010, 501, 72);   
insert into score values (null, 20011, 101, 96);
insert into score values (null, 20011, 201, 72);
insert into score values (null, 20011, 301, 75);
insert into score values (null, 20011, 401, 81);
insert into score values (null, 20011, 501, 81);
insert into score values (null, 20012, 101, 89);
insert into score values (null, 20012, 201, 93);
insert into score values (null, 20012, 301, 100);
insert into score values (null, 20012, 401, 88);
insert into score values (null, 20012, 501, 83);
insert into score values (null, 20013, 101, 73);
insert into score values (null, 20013, 201, 82);
insert into score values (null, 20013, 301, 95);
insert into score values (null, 20013, 401, 76);
insert into score values (null, 20013, 501, 90);
insert into score values (null, 20014, 101, 87);
insert into score values (null, 20014, 201, 90);
insert into score values (null, 20014, 301, 92);
insert into score values (null, 20014, 401, 96);
insert into score values (null, 20014, 501, 73);
insert into score values (null, 20015, 101, 94);
insert into score values (null, 20015, 201, 75);
insert into score values (null, 20015, 301, 76);
insert into score values (null, 20015, 401, 97);
insert into score values (null, 20015, 501, 75);
insert into score values (null, 20016, 101, 84);
insert into score values (null, 20016, 201, 97);
insert into score values (null, 20016, 301, 88);
insert into score values (null, 20016, 401, 87);
insert into score values (null, 20016, 501, 85);
insert into score values (null, 20017, 101, 77);
insert into score values (null, 20017, 201, 83);
insert into score values (null, 20017, 301, 70);
insert into score values (null, 20017, 401, 98);
insert into score values (null, 20017, 501, 88);
insert into score values (null, 20018, 101, 81);
insert into score values (null, 20018, 201, 90);
insert into score values (null, 20018, 301, 74);
insert into score values (null, 20018, 401, 73);
insert into score values (null, 20018, 501, 73);
insert into score values (null, 20019, 101, 71);
insert into score values (null, 20019, 201, 83);
insert into score values (null, 20019, 301, 79);
insert into score values (null, 20019, 401, 99);
insert into score values (null, 20019, 501, 83);
insert into score values (null, 20020, 101, 86);
insert into score values (null, 20020, 201, 98);
insert into score values (null, 20020, 301, 92);
insert into score values (null, 20020, 401, 81);
insert into score values (null, 20020, 501, 73);
insert into score values (null, 20021, 101, 98);
insert into score values (null, 20021, 201, 97);
insert into score values (null, 20021, 301, 93);
insert into score values (null, 20021, 401, 90);
insert into score values (null, 20021, 501, 71);
insert into score values (null, 20022, 101, 92);
insert into score values (null, 20022, 201, 80);
insert into score values (null, 20022, 301, 75);
insert into score values (null, 20022, 401, 81);
insert into score values (null, 20022, 501, 100);
insert into score values (null, 20023, 101, 87);
insert into score values (null, 20023, 201, 77);
insert into score values (null, 20023, 301, 85);
insert into score values (null, 20023, 401, 78);
insert into score values (null, 20023, 501, 78);
insert into score values (null, 20024, 101, 95);
insert into score values (null, 20024, 201, 84);
insert into score values (null, 20024, 301, 73);
insert into score values (null, 20024, 401, 76);
insert into score values (null, 20024, 501, 84);
insert into score values (null, 20025, 101, 95);
insert into score values (null, 20025, 201, 96);
insert into score values (null, 20025, 301, 98);
insert into score values (null, 20025, 401, 100);
insert into score values (null, 20025, 501, 77);
insert into score values (null, 20026, 101, 77);
insert into score values (null, 20026, 201, 80);
insert into score values (null, 20026, 301, 78);
insert into score values (null, 20026, 401, 99);
insert into score values (null, 20026, 501, 82);
insert into score values (null, 20027, 101, 84);
insert into score values (null, 20027, 201, 74);
insert into score values (null, 20027, 301, 95);
insert into score values (null, 20027, 401, 76);
insert into score values (null, 20027, 501, 96);
insert into score values (null, 20028, 101, 70);
insert into score values (null, 20028, 201, 78);
insert into score values (null, 20028, 301, 77);
insert into score values (null, 20028, 401, 97);
insert into score values (null, 20028, 501, 71);
insert into score values (null, 20029, 101, 100);
insert into score values (null, 20029, 201, 76);
insert into score values (null, 20029, 301, 96);
insert into score values (null, 20029, 401, 75);
insert into score values (null, 20029, 501, 87);
insert into score values (null, 20030, 101, 74);
insert into score values (null, 20030, 201, 78);
insert into score values (null, 20030, 301, 93);
insert into score values (null, 20030, 401, 83);
insert into score values (null, 20030, 501, 73);

desc std_detail;
select * from std_detail;